"Variable","Adjusted RR","P-value","AIC","Moran's I","Moran's I p-value","Overdispersion"
"Ages 5 9",1.25424113981863,0.106948043196828,2844.50806006823,NA,NA,0.126
"Silver",0.874074498774103,0.107556826450878,2844.12530648684,NA,NA,0.126
"Mercury",1.0550186613898,0.109005471685019,2843.8677324171,NA,NA,0.126
"Cresol (mixed isomers)",0.833031716513563,0.116371164575478,2843.16269949841,NA,NA,0.126
"Ethylene thiourea",1.06571115845491,0.119236021097209,2844.56569677389,NA,NA,0.126
"Benzoyl chloride",1.06409183865634,0.129648002833354,2844.46174238589,NA,NA,0.126
"Quintozene",0.796899919426346,0.131622668053772,2843.06981433691,NA,NA,0.126
"Dioxin and dioxin-like compounds",1.05331452648138,0.13231337916927,2844.85857809594,NA,NA,0.126
"Acetophenone",1.08043796787444,0.134361115695121,2844.62227237669,NA,NA,0.126
"Ages 0 5",0.827389158314575,0.140605745602249,2844.50987529491,NA,NA,0.126
"Polychlorinated biphenyls (PCBs)",1.05233061914876,0.143142090288306,2845.35271294129,NA,NA,0.126
"Hydrogen cyanide",1.09123784293334,0.145302664685544,2844.37245027842,NA,NA,0.127
"4-Aminodiphenyl",1.04346351037965,0.154744862106128,2845.60908318372,NA,NA,0.126
"SO2",1.10335348989352,0.155994884370057,2844.48495726353,NA,NA,0.127
"N-methyl-2-pyrrolidone",0.834802334049429,0.159664474352645,2843.83886046191,NA,NA,0.126
"Formic acid",1.06547875759728,0.161463563788621,2844.89155331204,NA,NA,0.126
"Diallate",1.06834844723884,0.163433569698525,2844.89676275271,NA,NA,0.126
"Toluene-2,4-diisocyanate",0.539109523808884,0.175324544958491,2842.4076729808,NA,NA,0.126
"Aluminum oxide (fibrous forms)",0.769885497600359,0.176055204382773,2843.10670128557,NA,NA,0.126
"Acrylic acid",1.0611412384213,0.176403467575732,2845.06786856614,NA,NA,0.126
"Propargyl alcohol",0.902243840102516,0.178791451649752,2845.01466003973,NA,NA,0.126
"Bromine",0.0507204843627583,0.179339093000046,2842.0553227466,NA,NA,0.126
"Benzene",1.06971265359443,0.180675977294055,2845.01630722671,NA,NA,0.126
"Acetonitrile",1.08502834066171,0.183424301009395,2844.98915241072,NA,NA,0.126
"Ages 55 59",1.13344088355101,0.184594536901167,2844.7544271975,NA,NA,0.126
"Bromoxynil",1.0429184606629,0.187392280203302,2845.11468941067,NA,NA,0.126
"Triethylamine",0.832884628202402,0.189600090940745,2844.15995152576,NA,NA,0.126
"Dimethylamine dicamba",1.0423642814189,0.193767039427618,2845.13901581777,NA,NA,0.126
"Cyclohexane",1.0611557341895,0.194043455082989,2845.03746697422,NA,NA,0.126
"Benzal chloride",1.07257775111251,0.19518625522931,2844.92368425778,NA,NA,0.125
"Toxaphene",1.06391117889304,0.198672330886396,2845.08991725863,NA,NA,0.126
"Methoxone (MCPA)",1.05094396338801,0.200419814193576,2845.11405573811,NA,NA,0.125
"2,2-Bis(Bromomethyl)-1,3-propanediol",1.07362175883181,0.200780903114674,2844.89599076895,NA,NA,0.126
"Potassium N-methyldithiocarbamate",1.04171921247182,0.201302693961613,2845.20008093791,NA,NA,0.126
"Dichlorvos",1.04194251669944,0.202777650965256,2845.21706080976,NA,NA,0.126
"Aldrin",1.05963833027388,0.202997756333706,2845.202561739,NA,NA,0.126
"Permethrin",1.04094665567089,0.205944318238467,2845.2305665847,NA,NA,0.126
"Bifenthrin",1.04098029345806,0.20742145791514,2845.23375401383,NA,NA,0.126
"Propylene (Propene)",1.06317678737718,0.207425595663694,2845.32962757436,NA,NA,0.126
"Tetrachlorvinphos",1.04199288348213,0.207707111417034,2845.21636977761,NA,NA,0.126
"Diflubenzuron",1.04141066106374,0.208467921902757,2845.22790464054,NA,NA,0.126
"1,2,4-Trichlorobenzene",1.05783401525135,0.208998822514466,2844.92937215994,NA,NA,0.126
"Potassium bromate",0.908264480414823,0.213013492153088,2845.27002707666,NA,NA,0.126
"1,4-Dichloro-2-butene",1.03993445472,0.215573930602562,2845.80938477337,NA,NA,0.126
"Saccharin (manufacturing)",1.05584295701435,0.217509398829134,2845.02412100689,NA,NA,0.126
"3-Chloropropionitrile",1.06381762358541,0.222300388075793,2845.18731990691,NA,NA,0.126
"Longitude",1.10700350102355,0.224330909491155,2844.89746158198,NA,NA,0.126
"Ethylenebisdithiocarbamic acid, salts and esters",0.661735058496606,0.232430062614263,2842.64536215891,NA,NA,0.126
"Diethanolamine",1.06975649114013,0.233627505733618,2845.328917427,NA,NA,0.126
"1,1,2-Trichloroethane",1.06274805359668,0.234607137772914,2845.34774959367,NA,NA,0.126
"Dicamba",1.05481792213436,0.234978225838993,2845.39533858152,NA,NA,0.126
"Quinoline",0.919700474868933,0.237709778324406,2844.81457755882,NA,NA,0.126
"Ages 40 44",0.910380162701052,0.241965969746918,2845.30899039074,NA,NA,0.125
"1,2-Dichloroethane",1.04936241917697,0.242632781066902,2845.33267396606,NA,NA,0.126
"2,4-D 2-ethylhexyl ester",1.03972799736128,0.243608157002438,2845.40987323627,NA,NA,0.126
"Nonylphenol",1.04754612121414,0.245041973874738,2845.35481072528,NA,NA,0.126
"Selenium compounds",0.795156014789537,0.246830483415221,2844.64671837479,NA,NA,0.126
"Peroxyacetic acid",1.06121542040931,0.254845363125953,2845.08126893398,NA,NA,0.126
"Nitrate compounds",0.857003172202591,0.261434795986222,2844.54698444366,NA,NA,0.126
"Thiodicarb",1.06145163175735,0.264289641187838,2845.18604711581,NA,NA,0.126
"Hydrogen fluoride",0.884889434123953,0.268392906506668,2844.95703518395,NA,NA,0.126
"Trichloroethylene",1.06861138375361,0.269456732113613,2845.20634631279,NA,NA,0.126
"2,4-D ((2,4-dichlorophenoxy)acetic acid)",1.03892650283821,0.270400487151836,2845.51127395853,NA,NA,0.126
"Ethylene glycol",0.879985388072236,0.271853420777712,2844.91064361894,NA,NA,0.126
"Ages 70 74",1.11611178050203,0.272844090410117,2845.43383996295,NA,NA,0.126
"Bromomethane (Methyl bromide)",0.64675633300161,0.276260629279688,2843.87870951794,NA,NA,0.126
"Piperonyl butoxide",0.922924359823036,0.278548773368065,2845.54777175253,NA,NA,0.126
"3,3'-Dimethoxybenzidine dihydrochloride",1.04514823663894,0.280988570228812,2845.42539379404,NA,NA,0.126
"p-Cresidine",1.05949989507052,0.283268708510672,2845.3698735234,NA,NA,0.126
"Methyl isothiocyanate",0,0.286058222087903,2841.6964679683,NA,NA,0.126
"Manganese",0.885450158578441,0.286171769505558,2845.05205578825,NA,NA,0.126
"Styrene",0.906226522242802,0.286229728635776,2845.04484082707,NA,NA,0.126
"Deprivation",1.09587942396888,0.290191688949456,2845.53255293803,NA,NA,0.126
"Triadimefon",1.05993975953976,0.291629119341823,2845.38332013962,NA,NA,0.126
"Methiocarb",1.05968100213531,0.293109246551933,2845.59219401554,NA,NA,0.126
"Cumene hydroperoxide",1.058499261718,0.295626359990476,2845.44175145788,NA,NA,0.126
"Isopropyl alcohol",1.06153835447609,0.296143886036276,2845.3596133179,NA,NA,0.126
"C.I. Direct Blue 218",1.04402412939351,0.296172700063967,2845.53141434365,NA,NA,0.126
"1,2-Dichlorobenzene",0.648600455193605,0.298649641525195,2843.99695480339,NA,NA,0.126
"Allylamine",0.68564040752069,0.298737629669833,2842.19534201356,NA,NA,0.126
"Zinc compounds",0.923647375884616,0.301496529532703,2845.29579825558,NA,NA,0.126
"Arsenic",0.907914864763958,0.305523002058808,2845.31427444622,NA,NA,0.127
"Chlorothalonil",1.05556533799723,0.306526102913614,2845.65482589936,NA,NA,0.126
"o-Cresol",1.05403089674539,0.309751957570305,2845.54877861835,NA,NA,0.126
"Hexachloroethane",1.03944310598902,0.312822782287599,2845.75679596958,NA,NA,0.126
"Heptachlor",1.04333900070823,0.313501765586052,2845.51507079866,NA,NA,0.126
"Phosgene",1.04045987569436,0.316302544691367,2845.79613082502,NA,NA,0.126
"2-Methyllactonitrile",1.0492788222685,0.317613599680007,2845.72303626849,NA,NA,0.126
"p-Nitroaniline",1.05744994852985,0.31989273178746,2845.50115151807,NA,NA,0.126
"Methacrylonitrile",1.05333785222567,0.320511806609337,2845.71338686377,NA,NA,0.126
"Amitraz",1.05625562449918,0.321867120115286,2845.52149791602,NA,NA,0.126
"Cyanide compounds",0.92806694415385,0.324540946722549,2845.50461317145,NA,NA,0.126
"Benzyl chloride",0.474331876392207,0.32488271585267,2843.20376508885,NA,NA,0.126
"Lindane",1.0458112694892,0.326192073336196,2845.72275596498,NA,NA,0.126
"Propiconazole",1.03661879169272,0.327449642980259,2845.79182614888,NA,NA,0.126
"2,4-Dimethylphenol",0.885795755298928,0.32942835257507,2845.05872683994,NA,NA,0.126
"2-Nitropropane",2.16981334545764e-12,0.330582152966996,2842.40394733668,NA,NA,0.126
"Metham sodium",1.03023799812284,0.331881560089345,2845.36379313376,NA,NA,0.126
"Toluene-2,6-diisocyanate",0.867319877425725,0.334229694361851,2844.79079916014,NA,NA,0.126
"Carbaryl",1.05220332172777,0.335554616608874,2845.50962852368,NA,NA,0.126
"Hexachlorobenzene",1.05613095407116,0.342610191454191,2845.77818054113,NA,NA,0.126
"Chloroform",0.91723268553802,0.348838790424698,2845.44261561859,NA,NA,0.126
"N-Nitroso-N-methylurea",1.04313694257713,0.353590672104417,2845.80923652312,NA,NA,0.126
"Ages 60 64",1.09897077543832,0.354379968636997,2845.71856591524,NA,NA,0.126
"1,3-Butadiene",1.04816024867348,0.35461567243842,2845.81732895627,NA,NA,0.126
"Calcium cyanamide",1.05329187597212,0.355692395704174,2845.655658605,NA,NA,0.126
"Methoxone sodium salt",1.05850419094082,0.35644662509099,2845.74837825059,NA,NA,0.126
"Mecoprop",1.03442952767777,0.357664309184061,2845.73782045926,NA,NA,0.126
"Ozone",0.905408445275868,0.359148982678392,2845.28861471463,NA,NA,0.126
"2-Chloro-1,1,1,2-tetrafluoroethane",0.936406793330345,0.359317740468796,2845.57368591001,NA,NA,0.126
"Dinitrotoluene (mixed isomers)",0.915687169804007,0.361139342427483,2845.31901336939,NA,NA,0.126
"Thiophanate-methyl",0.854876840460954,0.361155487731901,2844.77973678748,NA,NA,0.126
"Nitrapyrin",0.373703472327481,0.361442567368497,2843.63290418343,NA,NA,0.126
"Toluenediisocyanate",0.910955205895473,0.361904990403332,2845.43268785377,NA,NA,0.126
"Pentachlorophenol",0.859520532614652,0.362988161652438,2845.27471375764,NA,NA,0.126
"Di(2-ethylhexyl) phthalate",0.915540108761147,0.363752273254791,2845.54472931719,NA,NA,0.126
"Warfarin and salts",1.06577031010491,0.364035671654384,2845.69097193946,NA,NA,0.126
"Chloroacetic acid",0.89035961298581,0.367113908699388,2845.2169017336,NA,NA,0.126
"Diuron",1.03266950587244,0.367131999470478,2845.61317036518,NA,NA,0.126
"Dazomet",1.03901888999172,0.368762757045435,2845.94973708399,NA,NA,0.126
"3-Iodo-2-propynyl butylcarbamate",1.04662491363713,0.370184308812366,2845.73667488817,NA,NA,0.126
"Sulfuryl fluoride (Vikane)",0.914573200657535,0.370373003268783,2845.52081076981,NA,NA,0.126
"2-Ethoxyethanol",0.264896367688083,0.370382560483031,2844.48348086208,NA,NA,0.126
"Dimethyl sulfate",0.923418947676205,0.375913476043142,2845.4158704687,NA,NA,0.126
"Methoxychlor",1.13480882277938,0.376490988799009,2845.85417904685,NA,NA,0.126
"Chlorodifluoromethane (HCFC-22)",0.936300414256157,0.377058758090397,2845.59700798108,NA,NA,0.126
"MIXTURE",0.860649163245714,0.378000682396119,2844.72592308079,NA,NA,0.126
"Benzoyl peroxide",0.841281009489237,0.378469871852564,2845.02313830273,NA,NA,0.126
"Bromotrifluoromethane (Halon 1301)",0.91237580959121,0.381558126779262,2845.48660433948,NA,NA,0.126
"Picric acid",0.779257235375682,0.382449849245729,2844.13683081574,NA,NA,0.126
"N-Nitrosomethylvinylamine",1.03978547144283,0.384251450603361,2845.89422822927,NA,NA,0.125
"Anthracene",0.943886614547624,0.38583854543879,2845.76767080033,NA,NA,0.126
"N,N-Dimethylaniline",0.863497858125937,0.386660730185287,2844.933888538,NA,NA,0.126
"Bis(2-chloroethyl)ether",1.05089846103001,0.387258374190044,2845.86835610826,NA,NA,0.126
"p-Xylene",0.734738126969148,0.392933868768734,2844.12966859214,NA,NA,0.126
"Thioacetamide",1.03915175855562,0.396606110591174,2845.92978834965,NA,NA,0.126
"Hexachloro-1,3-butadiene",0.940100445443752,0.400307609391053,2845.65134435173,NA,NA,0.126
"Dihydrosafrole",1.03885976010435,0.401496581375194,2845.95839925521,NA,NA,0.126
"NO2",0.933774500346941,0.402612434475991,2846.06464762173,NA,NA,0.126
"Diglycidyl resorcinol ether",1.04280312764686,0.403090460183311,2845.83381868809,NA,NA,0.126
"Chlorophenols",1.03693944036232,0.405031679588769,2845.81194414326,NA,NA,0.126
"3-Chloro-2-methyl-1-propene",0.934653385751345,0.405610421869074,2845.61125247302,NA,NA,0.126
"Chlorobenzene",1.0380964985473,0.407043936781287,2845.88806929951,NA,NA,0.126
"Dibenzofuran",0.931468367246212,0.407691769196258,2845.76732239119,NA,NA,0.126
"4,6-Dinitro-o-cresol",0.875844230774481,0.410532979298646,2844.8684117341,NA,NA,0.126
"Methyl parathion",1.04444407925409,0.411241626853128,2845.95124835825,NA,NA,0.126
"2,4-D butyl ester",1.03786216605047,0.41214317294845,2845.96312552934,NA,NA,0.126
"Dichlorophene",1.03731148105855,0.417551515900645,2845.96411620017,NA,NA,0.126
"Arsenic compounds",0.509639475878008,0.418403502122934,2845.58686970586,NA,NA,0.126
"Prometryn",1.02445690434877,0.419634531318359,2846.12469914531,NA,NA,0.126
"Acetaldehyde",0.941884302363416,0.423573941985042,2845.64416011118,NA,NA,0.126
"N-Nitrosodi-n-propylamine",0.565586744145216,0.425137422480022,2844.34474247335,NA,NA,0.126
"Fomesafen",1.04415081853943,0.426667159786337,2846.00078678203,NA,NA,0.125
"Benzo(g,h,i)perylene",0.474366520439837,0.426873902044814,2844.79291963789,NA,NA,0.126
"Furan",0.906492822304119,0.427153890006872,2845.4108541609,NA,NA,0.126
"CFC 115 (chloropentafluoroethane)",0.935832584924227,0.42837695290777,2845.74738209671,NA,NA,0.126
"Bromoform (Tribromomethane)",0.941802854911802,0.430563111345137,2845.79450636118,NA,NA,0.126
"Silver compounds",0.821303208877268,0.431128584280499,2845.20713493657,NA,NA,0.126
"Hydramethylnon",1.05019469540866,0.432760402082642,2846.00575607632,NA,NA,0.126
"2,2-Dichloro-1,1,1-trifluoroethane",0.947109993258711,0.433639251580586,2845.83647978071,NA,NA,0.126
"o-Toluidine hydrochloride",1.03638020278745,0.434629717711041,2846.0353415223,NA,NA,0.126
"Dichlorobromomethane",0.935656612329047,0.435801285193755,2845.75343450849,NA,NA,0.126
"Polycyclic aromatic compounds",0.850747518825601,0.436504663618816,2845.45582243275,NA,NA,0.126
"1-Bromopropane",0.930919172645498,0.437089583773377,2845.87384357064,NA,NA,0.126
"1-Chloro-1,1,2,2-tetrafluoroethane",0.945729908251141,0.437325761789454,2845.81084227633,NA,NA,0.126
"1-Chloro-1,1-difluoroethane",0.839101139843668,0.438337977170958,2845.46383012502,NA,NA,0.126
"Strychnine and salts",1.0365345573836,0.439594614127849,2846.05031556115,NA,NA,0.126
"2,4-DP (Dichlorprop)",1.03608967765873,0.439802680430154,2846.02866795594,NA,NA,0.126
"N-Nitrosodi-n-butylamine",0.697040471521612,0.442597390345344,2844.64099059016,NA,NA,0.126
"trans-1,4-Dichloro-2-butene",1.03851069628321,0.443298961496252,2846.0351501021,NA,NA,0.125
"Ages 10 14",0.916788393004377,0.443384687000036,2844.49885504837,NA,NA,0.126
"Isoprene",1.03739827355633,0.443846200169454,2846.03868321225,NA,NA,0.125
"Isodrin",1.04118425079552,0.447127821425912,2846.03413230538,NA,NA,0.126
"Tetrachloroethylene (Perchloroethylene)",0.831502984729783,0.44876435615637,2845.46095236782,NA,NA,0.126
"Bendiocarb",1.04763780013305,0.449557212241099,2846.03034425925,NA,NA,0.126
"Amitrole",1.03564821505983,0.450221801560796,2846.05785245852,NA,NA,0.126
"o-Toluidine",1.0418686912098,0.45026458774298,2846.00035718615,NA,NA,0.126
"Diepoxybutane",1.0346712665254,0.454153152093535,2846.05105536209,NA,NA,0.126
"Hydrochloric acid",1.0388988282108,0.454414533780902,2846.01762510317,NA,NA,0.126
"N-Nitrosodiethylamine",0.706706921089897,0.454555282431626,2844.7044702271,NA,NA,0.126
"2-Phenylphenol",0.932754399646804,0.455079710258373,2845.86347768675,NA,NA,0.126
"Pentachloroethane",1.0434267496507,0.456441590959201,2846.03543369967,NA,NA,0.126
"2,4-Dinitrotoluene",0.866862573472047,0.458104226753073,2845.43236221104,NA,NA,0.125
"2,4-Dithiobiuret",1.03476170842295,0.459470942448168,2846.09295607723,NA,NA,0.125
"Hydrogen sulfide",0.857523868063787,0.460191112018081,2845.60820962137,NA,NA,0.126
"Parathion",1.11876170094114,0.464387787198447,2846.08538210417,NA,NA,0.126
"Styrene oxide",0.936269576888485,0.464787390732835,2845.80624564571,NA,NA,0.126
"Hydrazine",0.86692213279881,0.467379430773929,2845.63495434716,NA,NA,0.126
"Sulfuric acid",1.04348149842249,0.469336230151689,2845.95911975852,NA,NA,0.126
"Manganese compounds",1.03452265129378,0.471997821948871,2846.04593558932,NA,NA,0.126
"Sodium azide",1.03371409050877,0.472863870745048,2846.07348173924,NA,NA,0.126
"2,4-D isopropyl ester",1.0336356747628,0.473030641087289,2846.08536237984,NA,NA,0.126
"N-Nitrosopiperidine",1.03887862726855,0.473603939069582,2846.07405651101,NA,NA,0.126
"Diisocyanates",0.930870797650885,0.473976801344445,2845.89435233996,NA,NA,0.126
"Methyl hydrazine",1.03362581040764,0.475133685328483,2846.09938552576,NA,NA,0.126
"Imazalil",0.828573541018459,0.476118577068063,2844.80854503019,NA,NA,0.126
"2,4-D chlorocrotyl ester",1.03347938890918,0.476488848864536,2846.10138041007,NA,NA,0.126
"Ethylidene dichloride",0.883196558103839,0.47702364958288,2845.46907441592,NA,NA,0.126
"Bis(chloromethyl)ether",1.03316797464403,0.478642832072065,2846.10400072156,NA,NA,0.126
"2,4-Diaminotoluene",1.0397937595504,0.482957620845126,2846.08898547516,NA,NA,0.126
"Dioxane",0.941409481291688,0.484930708840984,2845.95574433201,NA,NA,0.126
"alpha-Naphthylamine",1.03469960400368,0.485847847308195,2846.14061835999,NA,NA,0.126
"Chloromethyl methyl ether",0.863918400024062,0.48591466316856,2845.41389019063,NA,NA,0.126
"Propane sultone",0.723497601636242,0.487572340476715,2844.87240186387,NA,NA,0.126
"Dinitrobutyl phenol (Dinoseb)",0.95144897589692,0.491161879854488,2845.93070190094,NA,NA,0.126
"Ages 85 plus",1.06810928491348,0.491511641088693,2846.073858107,NA,NA,0.126
"Auramine",1.0323012312886,0.493313753456033,2846.14390236756,NA,NA,0.126
"1,2-Dibromo-3-chloropropane (DBCP)",0.734945751511776,0.494585833115375,2844.93181178553,NA,NA,0.126
"Nickel",1.03831227168601,0.49599924523324,2846.09297451394,NA,NA,0.126
"Resmethrin",1.03179106714886,0.496413854381206,2846.1586596226,NA,NA,0.126
"2,4-D, propylene glycol butyl ether ester",1.0321472618319,0.496714464227165,2846.11641051072,NA,NA,0.126
"Boron trifluoride",1.03309825820099,0.497614192777219,2846.19889125462,NA,NA,0.126
"Trypan blue",1.03198527659321,0.499350720798931,2846.14305181643,NA,NA,0.126
"Paraldehyde",0.881699508079655,0.501645371450862,2845.50391807122,NA,NA,0.126
"TRD SECRT",1.02758926787722,0.503735964334099,2846.02756326987,NA,NA,0.126
"N-Nitrosodiphenylamine",1.02672222321609,0.504487719484991,2846.24345898899,NA,NA,0.126
"Ethyleneimine (Aziridine)",1.03190140268272,0.504575282702685,2846.15628092979,NA,NA,0.126
"2-Acetylaminofluorene",0.517274449549585,0.505072048019208,2844.55624265495,NA,NA,0.126
"Fenoxaprop ethyl",1.03156163161166,0.505215617268401,2846.15537093968,NA,NA,0.126
"Tris(2,3-dibromopropyl)phosphate",0.649899297337741,0.50578866365398,2844.76691105833,NA,NA,0.126
"Methyl isobutyl ketone",0.931063140086319,0.505834169365691,2845.95724832855,NA,NA,0.126
"Thiosemicarbazide",1.03161659756062,0.507252926182013,2846.1426555301,NA,NA,0.126
"Sodium fluoroacetate",1.03138006373245,0.507417900605391,2846.15313474351,NA,NA,0.126
"Pentachlorobenzene",0.776310299312374,0.509120960357544,2845.08795594051,NA,NA,0.126
"Famphur",1.03453488212492,0.509231367200332,2846.18210880429,NA,NA,0.126
"Simazine",0.957137903970191,0.509309878566183,2846.02229159726,NA,NA,0.126
"1,1,1,2-Tetrachloroethane",0.874060985557205,0.510343179347299,2845.3372004631,NA,NA,0.126
"2-Chloro-1,1,1-trifluoroethane",0.944156014176204,0.511928495348388,2846.02720421193,NA,NA,0.126
"2,4-Dichlorophenol",0.875797419838024,0.512294769720276,2845.5524503776,NA,NA,0.126
"3,3'-Dichlorobenzidine",1.03112197114397,0.513787231071403,2846.17166031604,NA,NA,0.126
"4,4'-Isopropylidenediphenol",1.03561711518162,0.514800076102141,2846.12691874902,NA,NA,0.126
"Benomyl",1.13227428032705,0.514839751873277,2846.1705174719,NA,NA,0.126
"n-Butyl alcohol",1.04178435560303,0.515161139385942,2845.97941652478,NA,NA,0.126
"Nitromethane",0.812662611256803,0.516300744677197,2844.46436562049,NA,NA,0.126
"Ammonia",1.03353349381778,0.517409510721929,2845.97033799836,NA,NA,0.126
"Chloromethane",1.03219736822231,0.520083635758837,2846.18301359468,NA,NA,0.126
"Bis(2-chloroethoxy)methane",0.946502164111649,0.520460336403079,2845.90350275655,NA,NA,0.126
"Cupferron",1.03265822595491,0.520873459175668,2846.0761885512,NA,NA,0.126
"2-Methylpyridine",0.94985371807286,0.520903741081958,2846.00317759934,NA,NA,0.126
"Sodium nitrite",0.865961558683411,0.524065694177578,2845.8787571366,NA,NA,0.126
"N-Nitroso-N-ethylurea",1.03032059163479,0.524991896880238,2846.18607446938,NA,NA,0.126
"Acephate",0.621303057140082,0.528216564240443,2845.58157251943,NA,NA,0.126
"4-Dimethylaminoazobenzene",0.616783836325213,0.528709652686888,2844.78950768803,NA,NA,0.126
"Bromacil",1.03040674874467,0.52950126538467,2846.19391642361,NA,NA,0.126
"beta-Naphthylamine",1.03278878181092,0.532616321703385,2846.20093923341,NA,NA,0.126
"Triclopyr triethylammonium salt",0.900616979414676,0.533262795039348,2845.73631895486,NA,NA,0.126
"Creosote, coal tar",0.881903299863302,0.534893330060537,2845.48152217749,NA,NA,0.126
"C.I. Direct Black 38",1.02876215380155,0.535597792647993,2846.23231300318,NA,NA,0.126
"1,1,1-Trichloroethane",0.923105491461815,0.535632309092815,2845.79623848838,NA,NA,0.126
"Ametryn",1.02186559745714,0.536050603607703,2846.25367321119,NA,NA,0.126
"Thiourea",0.881840613042197,0.538469774378141,2845.58479183898,NA,NA,0.126
"Triforine",1.0295643846699,0.53909781868168,2846.21782638511,NA,NA,0.126
"2,4,6-Trichlorophenol",0.888951971672352,0.540686466537528,2845.67535166921,NA,NA,0.126
"o-Xylene",0.943377806472189,0.540710195805938,2846.01849646366,NA,NA,0.126
"2,6-Dinitrotoluene",0.951296253422688,0.540968254575705,2846.00156841643,NA,NA,0.126
"Chlordane",1.03332591886874,0.542328497154242,2846.16005346474,NA,NA,0.126
"Diazinon",0.72712652513593,0.544744333394937,2845.05489483884,NA,NA,0.126
"2,4-D sodium salt",0.89163637563185,0.544947261097109,2845.70614682103,NA,NA,0.126
"Diethyl sulfate",0.643888720138887,0.545030397344944,2845.45241882248,NA,NA,0.126
"Hexachlorocyclopentadiene",1.02728556814597,0.545425483708963,2846.17539882214,NA,NA,0.126
"Ages 75 79",1.06145956708386,0.546565567356297,2846.21047662195,NA,NA,0.126
"Nicotine and salts",0.946434125306359,0.546842721398354,2846.03204159399,NA,NA,0.126
"Ethylbenzene",1.03625584438172,0.547798459525375,2846.11910345755,NA,NA,0.126
"2,4,5-Trichlorophenol",1.02893511338999,0.548673158688168,2846.23121983696,NA,NA,0.126
"Monuron",1.02916894903132,0.548736076708316,2846.23644197427,NA,NA,0.126
"Temephos",1.03097780709649,0.548939667688642,2846.21507018832,NA,NA,0.126
"S,S,S-tributyltrithiophosphate",0.0551201267616461,0.548970474744663,2845.87325212288,NA,NA,0.126
"Atrazine",0.965822016721139,0.549395808855129,2846.14787104263,NA,NA,0.126
"Safrole",1.03190384988131,0.549454293776172,2846.21530088938,NA,NA,0.126
"CO",0.953290461421492,0.550329581310232,2846.31361864864,NA,NA,0.126
"Oxyfluorfen",0.102992367866053,0.551442135665475,2843.55007416325,NA,NA,0.126
"Lithium carbonate",1.02662703022297,0.553981762043422,2846.20883970467,NA,NA,0.126
"Ferbam",1.02848138825956,0.55689431660801,2846.23748207554,NA,NA,0.126
"Dichlorotrifluoroethane",0.963684322587822,0.559077447822129,2846.15120510503,NA,NA,0.126
"Carbon tetrachloride",0.962638397339472,0.561711235088328,2846.15495548151,NA,NA,0.126
"5-Nitro-o-toluidine",0.955793715719291,0.565041002910158,2846.08073552861,NA,NA,0.126
"Paraquat dichloride",0.0122070709299295,0.565605330517432,2845.59195828712,NA,NA,0.126
"Trichlorfon",1.03301064757209,0.56665639671814,2846.16341192776,NA,NA,0.126
"Hexachlorophene",1.02807079704255,0.566944043447987,2846.25237953107,NA,NA,0.126
"Isosafrole",1.03067444681865,0.569265185108989,2846.23514116232,NA,NA,0.126
"1,1-Dimethyl Hydrazine",0.939701489230404,0.573419992691387,2845.98995932636,NA,NA,0.126
"Dimethyl phthalate",0.936430636580699,0.573911167365966,2846.21769715805,NA,NA,0.126
"Maleic anhydride",0.96189533460796,0.574086143915435,2846.16381239644,NA,NA,0.126
"Dichlorofluoromethane",0.957378321577537,0.575673714496916,2846.1774778627,NA,NA,0.126
"Aniline",1.02497397960658,0.577227612529566,2846.16815277223,NA,NA,0.126
"Thallium",0.966267835763541,0.577528004370758,2846.18347625465,NA,NA,0.126
"1,1-Dichloro-1-fluoroethane",0.955137796428231,0.578157525934969,2846.18003403707,NA,NA,0.126
"Osmium tetroxide",1.02689519204499,0.578296199457213,2846.26973319083,NA,NA,0.126
"Decabromodiphenyl ether",1.03172285309093,0.579253883130625,2846.27238998641,NA,NA,0.126
"p-Chloroaniline",1.02652754448566,0.580611649904897,2846.23570807502,NA,NA,0.126
"4,4'-Methylenebis(2-chloroaniline)",0.905598234792737,0.583617715678205,2845.77721157012,NA,NA,0.126
"p-Cresol",1.03138434650902,0.583928095644887,2846.23861149507,NA,NA,0.126
"Cyanazine",1.02654226544187,0.584461816253363,2846.26008072441,NA,NA,0.126
"Freon 113",0.966961260134813,0.590890759446622,2846.19157447359,NA,NA,0.126
"Hydrazine sulfate",1.02812514588179,0.590942001565578,2846.27816005283,NA,NA,0.126
"Zineb",1.026359673742,0.593593188707249,2846.28841979499,NA,NA,0.126
"Phosphine",0.0175516966434454,0.595335849684547,2843.88765681264,NA,NA,0.126
"Ages 45 49",0.960734117476103,0.596825881958406,2846.29806603877,NA,NA,0.126
"Nickel compounds",1.03064215334816,0.597263649519487,2846.18553753199,NA,NA,0.126
"Chloroethane (Ethyl chloride)",0.933848487310477,0.600481096538919,2846.05591850774,NA,NA,0.126
"Vanadium compounds",1.02951496521414,0.60149110150589,2846.3083188496,NA,NA,0.126
"3,3'-Dimethylbenzidine",1.02586488814476,0.601796390894488,2846.306720145,NA,NA,0.126
"Propachlor",1.02134665099629,0.602170854048608,2846.20143611672,NA,NA,0.126
"Methyl iodide",0.815405895031115,0.604370246161579,2845.62605214606,NA,NA,0.126
"Barium compounds",0.959994069677548,0.607531926581351,2846.19503476776,NA,NA,0.126
"Copper compounds",0.944914188511139,0.616828964843192,2846.22090771568,NA,NA,0.126
"Myclobutanil",0.959256386930977,0.618747753757106,2846.23553981005,NA,NA,0.126
"Catechol",0.968557565351543,0.61986008449844,2846.26845479501,NA,NA,0.126
"Tribenuron methyl",1.02449563797906,0.622295474504469,2846.31171514,NA,NA,0.126
"sec-Butyl alcohol",1.02473044072671,0.627943023417363,2846.27283608619,NA,NA,0.126
"Maneb",1.02419780114757,0.628187102403119,2846.33213968469,NA,NA,0.126
"Beryllium compounds",0.87621218221911,0.630976488526732,2845.96775970378,NA,NA,0.125
"Propionaldehyde",0.942945418882235,0.634562757476195,2846.14885653202,NA,NA,0.126
"Brucine",1.02351910658226,0.636586413669836,2846.34935032681,NA,NA,0.126
"Mercury compounds",0.96844930538953,0.637009411278429,2846.29463442229,NA,NA,0.126
"Benzotrichloride",1.0238305261024,0.637604187449629,2846.32816071097,NA,NA,0.126
"Malononitrile",1.02307559210793,0.639293818231505,2846.32784707386,NA,NA,0.126
"1,3-Phenylenediamine",0.929646683027849,0.640474842260166,2846.12345624178,NA,NA,0.126
"Chloropicrin",0.955248862977135,0.641325158895999,2846.13758143552,NA,NA,0.126
"Benfluralin",1.02288215620171,0.641866502320254,2846.31196685264,NA,NA,0.126
"1,2-Dichloro-1,1-difluoroethane",0,0.643018307459168,2844.90430090206,NA,NA,0.126
"Copper",1.02579513650121,0.645306522933158,2846.25809496509,NA,NA,0.126
"Dichlorobenzene (mixed isomers)",0.942910788931288,0.645920382534452,2846.1385662219,NA,NA,0.126
"Carbofuran",1.02719493952138,0.648271746730901,2846.35016277382,NA,NA,0.126
"Methanol",0.975035163191939,0.652138354949694,2846.28344266847,NA,NA,0.126
"Dicofol",1.02312170726664,0.653238522585401,2846.3499092561,NA,NA,0.126
"Chlorobenzilate",1.02280793781477,0.654345858887316,2846.35478772716,NA,NA,0.126
"Potassium dimethyldithiocarbamate",0.958098459534079,0.656854114432913,2846.23507023437,NA,NA,0.126
"o-Anisidine",6.26798219672726e-50,0.660808424380563,2844.07682754212,NA,NA,0.126
"Bromochlorodifluoromethane",0.971981850190197,0.661590001658222,2846.28783603751,NA,NA,0.126
"N,N-Dimethylformamide",0.969761177497997,0.663782458964547,2846.33601291295,NA,NA,0.126
"Methyl methacrylate",1.02320967282417,0.665858706263389,2846.3191016513,NA,NA,0.126
"Ages 20 24",0.969547718086085,0.668978022604504,2846.26053998711,NA,NA,0.126
"Phosphorus (yellow or white)",0.927338585814907,0.669204988521206,2846.24346546005,NA,NA,0.126
"1,2-Diphenylhydrazine",1.02199119648199,0.673420698634238,2846.36355820951,NA,NA,0.126
"Trifluralin",1.02092378048281,0.674156279580258,2846.3401444605,NA,NA,0.126
"Nitroglycerin",0.722910902027789,0.676590652177624,2845.73997849096,NA,NA,0.126
"Hexazinone",0.912336696015725,0.678712098063871,2846.15629713285,NA,NA,0.126
"4,4'-Methylenedianiline",1.10281532662644,0.679096712423548,2846.40334549764,NA,NA,0.126
"Captan",0.922816647981638,0.681510506784435,2846.21702737257,NA,NA,0.126
"Thiobencarb",6.80093837417671e-07,0.684829021519627,2842.85300813128,NA,NA,0.126
"Acifluorfen, sodium salt",1.02208075172979,0.685788814870475,2846.3493039548,NA,NA,0.126
"1,2-Phenylenediamine",0.977384212707448,0.686517936521751,2846.34315263227,NA,NA,0.126
"Glycol ethers",0.973981689271989,0.689120291050787,2846.40520968028,NA,NA,0.126
"Aluminum (fume or dust)",0.972323872661589,0.689859213785383,2846.31939005984,NA,NA,0.126
"Dichloropentafluoropropane",1.24245111080878e-86,0.693084241968396,2844.43610693175,NA,NA,0.125
"Dimethylcarbamyl chloride",1.02005434903482,0.694417700848171,2846.38608097998,NA,NA,0.126
"PM2.5",0.970638014725111,0.695943764196095,2846.40583490561,NA,NA,0.126
"Abamectin",1.01922201565274,0.696556268641355,2846.39405014034,NA,NA,0.126
"Ethylene oxide",1.01994777436509,0.698378497433401,2846.37676001337,NA,NA,0.126
"Antimony compounds",0.967163143371338,0.702392322302086,2846.34637100692,NA,NA,0.126
"Molybdenum trioxide",1.02471078156873,0.705189986433931,2846.35922720737,NA,NA,0.125
"Isobutyraldehyde",0.94701582159886,0.706411159560246,2846.28048736061,NA,NA,0.126
"Dichloromethane",1.02393817819499,0.706457994956893,2846.39411264653,NA,NA,0.126
"CFC 114 (1,2-dichloro,1,1,2,2-tetrafluoroethane)",0.978798721458008,0.710712460028975,2846.36899178361,NA,NA,0.126
"2,4-Dinitrophenol",0.973872513566207,0.713837946861397,2846.38879741546,NA,NA,0.126
"Boron trichloride",0.956494133597909,0.716503219950566,2846.3070484125,NA,NA,0.126
"Titanium tetrachloride",0.973666618996229,0.720387943909313,2846.37094286775,NA,NA,0.126
"2,6-Xylidine",0.57587630289326,0.721425903333047,2846.14925302164,NA,NA,0.126
"Methyl chlorocarbonate",1.01901816026878,0.723535114699762,2846.3978415374,NA,NA,0.126
"Quinone",1.00873895216478,0.727422025510405,2846.33912941169,NA,NA,0.126
"Metribuzin",1.01930443747717,0.727534392657078,2846.41355581947,NA,NA,0.126
"p-Dinitrobenzene",0.979903698647329,0.727867947692277,2846.38798896219,NA,NA,0.126
"Tetrabromobisphenol-A (TBBPA)",0.876825612722522,0.728812905318997,2846.36876022033,NA,NA,0.126
"Chlorotrifluoromethane",0.980993157038905,0.730442033670602,2846.39426228432,NA,NA,0.126
"Anilazine",0.228559747815174,0.732202185131,2845.52036279037,NA,NA,0.126
"Ethyl chloroformate",1.0186519627512,0.7332994387068,2846.40187741411,NA,NA,0.126
"Sodium dimethyldithiocarbamate",0.972967133511299,0.734728177291006,2846.35972606277,NA,NA,0.126
"Sodium dicamba",1.01528365143641,0.734758910943665,2846.41553805565,NA,NA,0.126
"Cobalt",1.01581620246591,0.745426804694631,2846.40509268113,NA,NA,0.126
"Octachlorostyrene",1.01778205474279,0.747200534968013,2846.40922344962,NA,NA,0.126
"Methyl isocyanate",0.977185700752847,0.751107908970727,2846.41517131456,NA,NA,0.126
"CFC-11 (trichlorofluoromethane)",0.98162163106233,0.753722193704232,2846.37441342998,NA,NA,0.126
"1-(3-chloroallyl)-3,5,7-triaza-1-azoniaadamantane",1.02471857542279,0.753831901737152,2846.43062909486,NA,NA,0.126
"Pyridine",0.981957618475647,0.754012696208013,2846.42524042027,NA,NA,0.126
"o-Dinitrobenzene",0.98233288765241,0.756099717018648,2846.41037621281,NA,NA,0.126
"Chlorine dioxide",1.01773318881187,0.756938334471437,2846.40757826861,NA,NA,0.126
"Benzidine",0.978849136222494,0.757774686801875,2846.40312543034,NA,NA,0.126
"Carbon disulfide",0.970689892459717,0.765132388487264,2846.39636360855,NA,NA,0.126
"Biphenyl",0.976181120686418,0.767943673605425,2846.38801872437,NA,NA,0.126
"Polychlorinated alkanes",0.969407150074179,0.771314806101731,2846.39938348833,NA,NA,0.126
"Bromoxynil octanoate",1.01762648340298,0.771913600467633,2846.41289632442,NA,NA,0.126
"Phthalic anhydride",0.979680990918057,0.772506535564936,2846.44478525795,NA,NA,0.126
"4,4'-Diaminodiphenylether",1.01198960019221,0.773114114949575,2846.41919973202,NA,NA,0.126
"Naled",0,0.77691326771446,2843.96874807768,NA,NA,0.126
"Merphos",0,0.777887571281165,2843.92711525459,NA,NA,0.126
"Sodium o-phenylphenoxide",0.816965043615252,0.778881922870652,2846.19367556516,NA,NA,0.126
"Dimethipin",0.985004896418974,0.779691117574205,2846.42264856265,NA,NA,0.126
"Carboxin",0.980468698816234,0.779702600321709,2846.41227843987,NA,NA,0.126
"Dimethyl chlorothiophosphate",0,0.78170537928759,2843.95194404271,NA,NA,0.126
"Dimethoate",0.154879368316167,0.786669633446097,2845.91124422563,NA,NA,0.126
"1,2-Dichloro-1,1,2-trifluoroethane",0.985610546549914,0.788503036324263,2846.43646743209,NA,NA,0.126
"4-Aminoazobenzene",0.977428838036748,0.790245598322433,2846.42685988989,NA,NA,0.126
"Ages 80 84",1.02544739999706,0.79222288943949,2846.47374164413,NA,NA,0.126
"Diphenylamine",0.982537926963156,0.793668679637814,2846.43785572759,NA,NA,0.126
"Propoxur",1.17016435608763,0.796383755690137,2846.44029804743,NA,NA,0.126
"Dipotassium endothall",0.000417576081448027,0.798714240368706,2845.7353696262,NA,NA,0.126
"1,3-Dichlorobenzene",1.01421663893203,0.799445236911582,2846.44558960274,NA,NA,0.126
"PM10",0.979156580028086,0.800523861813657,2846.46670541294,NA,NA,0.126
"Aluminum phosphide",1.01689132314779,0.803788108898516,2846.43939759193,NA,NA,0.126
"Diaminotoluene (mixed isomers)",0.983561476213321,0.806490360863159,2846.47161151573,NA,NA,0.126
"p-Nitrosodiphenylamine",0.986745214909345,0.807304278754763,2846.44824684573,NA,NA,0.126
"2-Nitrophenol",0.969486184636591,0.809396466622861,2846.41606735081,NA,NA,0.126
"Dibutyl phthalate",1.0131925051873,0.810053180699403,2846.44325875629,NA,NA,0.126
"Antimony",0.984814656740885,0.811444162338068,2846.45246932726,NA,NA,0.126
"Trichloroacetyl chloride",0.981699786044026,0.812313521862155,2846.43959877088,NA,NA,0.126
"Ethyl acrylate",1.01257827154341,0.812990158078883,2846.42923136815,NA,NA,0.126
"1,2-Dibromoethane",0.987469349754443,0.813408295424422,2846.44916317031,NA,NA,0.126
"Dipropyl isocinchomeronate",1.01265724324034,0.814879755421829,2846.46189099609,NA,NA,0.126
"1,2-Dichloroethylene",0.983510204036957,0.817067492634538,2846.45022986149,NA,NA,0.126
"m-Dinitrobenzene",0.9875913023053,0.82244361456881,2846.45604049601,NA,NA,0.126
"Asbestos (friable)",1.01127706337824,0.829551160345587,2846.46644814202,NA,NA,0.126
"Barium",0.981472356411466,0.831370353798145,2846.44833740728,NA,NA,0.126
"Tetracycline hydrochloride",0.92306263375941,0.832179283234822,2846.42209757529,NA,NA,0.126
"Zinc",0.977575117166503,0.83266996766068,2846.46049506149,NA,NA,0.126
"Oryzalin",0.0956551284267123,0.833345640554863,2846.36922920799,NA,NA,0.126
"m-Xylene",0.987015592180625,0.83562979344906,2846.46003738417,NA,NA,0.126
"Methylene bromide",0.945251400932198,0.835970123982209,2846.42502682382,NA,NA,0.126
"2-Methoxyethanol",1.01043259553768,0.836816340443188,2846.47420661355,NA,NA,0.126
"Dimethylamine",0.988746837812505,0.83980251132155,2846.45728600819,NA,NA,0.126
"Crotonaldehyde",0.981299313188564,0.840524088963844,2846.44869363267,NA,NA,0.126
"Thiabendazole",0.980140516253082,0.841328279891142,2846.44998122933,NA,NA,0.126
"Malathion",0.941589178017575,0.841597933979978,2846.36182095498,NA,NA,0.126
"Hydroquinone",1.01113539147344,0.842621862247929,2846.473506018,NA,NA,0.126
"CFC-12 (dichlorodifluoromethane)",0.987787014032253,0.843873546686563,2846.46713986604,NA,NA,0.126
"Ages 65 69",1.02066972596551,0.844067397579924,2846.50776218117,NA,NA,0.126
"Carbonyl sulfide",1.00615698177007,0.845255680281541,2846.45367303401,NA,NA,0.126
"3-Chloro-1,1,1-trifluoropropane (HCFC-253fb)",0.754000742320645,0.850696169361533,2846.43877045912,NA,NA,0.126
"Cycloate",0.0131356657028985,0.855305167062327,2846.08743558455,NA,NA,0.126
"m-Cresol",1.01083371538007,0.856998771666138,2846.48195473948,NA,NA,0.126
"2,4-D 2-ethyl-4-methylpentyl ester",1.01036791511049,0.859092701715063,2846.4791413606,NA,NA,0.126
"Butyl acrylate",1.00861887783385,0.862630937231242,2846.48381527793,NA,NA,0.126
"Toluene",0.986994331881616,0.865525991243201,2846.48942143532,NA,NA,0.126
"Urethane (Ethyl carbamate)",0.990400851453637,0.867752911781988,2846.47479383101,NA,NA,0.126
"Lead",0.989512236715662,0.868052767549437,2846.49658538185,NA,NA,0.126
"Ages 35 39",0.986285729179104,0.869484415242497,2846.51103374888,NA,NA,0.126
"Ages 30 34",1.01399602691852,0.876936047704002,2846.44984786878,NA,NA,0.126
"Dicyclopentadiene",1.00795319449963,0.877764058747832,2846.49525410009,NA,NA,0.126
"Butyraldehyde",1.00933840613494,0.877806861141829,2846.48825825132,NA,NA,0.126
"Nabam",0.823561165917108,0.881240438698677,2846.25938398283,NA,NA,0.126
"Fluorouracil (5-fluorouracil)",1.10618053734799,0.883044622881648,2846.50740142087,NA,NA,0.126
"Pendimethalin",1.00760271995856,0.884690564602332,2846.48099950752,NA,NA,0.126
"N-methylolacrylamide",0.989571477914118,0.888745962337205,2846.48098409164,NA,NA,0.126
"Chromium compounds",0.991039885168514,0.889361488600101,2846.47885529026,NA,NA,0.126
"Cyfluthrin",0.96659570401594,0.889976180919704,2846.47278534711,NA,NA,0.126
"2,4-D butoxyethyl ester",1.00806303974407,0.890901016929153,2846.49360412096,NA,NA,0.126
"3,3'-Dimethoxybenzidine",1.00793681666224,0.89114854510686,2846.47680525103,NA,NA,0.126
"Fenpropathrin",0.989375586198073,0.892925752994867,2846.49578078856,NA,NA,0.126
"1,1,1,2-Tetrachloro-2-fluoroethane (HCFC-121a)",0.977460850809532,0.895492214468022,2846.5013010725,NA,NA,0.126
"Xylene (mixed isomers)",0.991703968677267,0.89835890032061,2846.49188404402,NA,NA,0.126
"Chlorimuron ethyl",0.991454055733466,0.901476172102941,2846.49015465467,NA,NA,0.126
"p-Phenylenediamine",0.98272550015636,0.902959283197172,2846.48340790344,NA,NA,0.126
"Ethylene",1.00701638589996,0.905110314478196,2846.4955605,NA,NA,0.126
"Ethyl dipropylthiocarbamate",0.97712717184058,0.909145332325362,2846.47959924346,NA,NA,0.126
"Alachlor",1.00525721439861,0.911578026878048,2846.4731935115,NA,NA,0.126
"Fluorine",0.991764621738945,0.912945154814738,2846.48057322709,NA,NA,0.126
"n-Hexane",0.994476794971406,0.914259698607198,2846.4925223432,NA,NA,0.126
"Chromium",0.993489920976176,0.914453803135842,2846.49883101105,NA,NA,0.126
"Nitrobenzene",1.0067641312073,0.916328464919755,2846.49462452421,NA,NA,0.126
"Desmedipham",0.951308731563874,0.917713174246144,2846.46016353673,NA,NA,0.126
"Vinyl fluoride",1.00526089687046,0.918513764513267,2846.48226349239,NA,NA,0.126
"1,4-Dichlorobenzene",1.00653254458697,0.918627512161546,2846.49277007326,NA,NA,0.126
"Methyl tert-butyl ether",1.00568005829933,0.919509915457651,2846.50495238138,NA,NA,0.126
"Phenol",0.993800459098527,0.92003048318245,2846.48813486128,NA,NA,0.126
"Beryllium",1.00392858692702,0.921410277193275,2846.50615812923,NA,NA,0.126
"Acrylamide",1.00560625969886,0.922204813629842,2846.5011254638,NA,NA,0.126
"1,2-Dibromotetrafluoroethane",0.993443079854707,0.924374039267702,2846.49673476508,NA,NA,0.126
"Vanadium",0.988652546093327,0.931832338048687,2846.50555731924,NA,NA,0.126
"Tebuthiuron",0.994102510084745,0.931985174745249,2846.49438416326,NA,NA,0.126
"Selenium",1.00408470765216,0.932616198424743,2846.49490969189,NA,NA,0.126
"Lead compounds",1.00482387300592,0.938322756875309,2846.50971622289,NA,NA,0.126
"Ages 25 29",0.992722705311739,0.941175868594021,2846.525013567,NA,NA,0.126
"Vinyl acetate",1.00413968289199,0.945788468264834,2846.49942565462,NA,NA,0.126
"Oxadiazon",1.00367103019764,0.945797680408909,2846.48784869592,NA,NA,0.126
"Propanil",0.995945916543308,0.947632489479192,2846.50106336097,NA,NA,0.126
"Thallium compounds",0.997177716892662,0.955121992452572,2846.50328587112,NA,NA,0.126
"Lactofen",0.99603566046077,0.958315899796921,2846.50678392339,NA,NA,0.126
"3,3-Dichloro-1,1,1,2,2-pentafluoropropane (HCFC-22",0.997079292042721,0.962690473008732,2846.50656251242,NA,NA,0.126
"1,2,4-Trimethylbenzene",0.997486793965469,0.966768386602737,2846.50968064156,NA,NA,0.126
"Ages 50 54",1.00334928581106,0.966833661748798,2846.5004016418,NA,NA,0.126
"Tetrafluoroethylene",1.00232291099196,0.967819449470311,2846.52183542353,NA,NA,0.126
"Linuron",0.997710038466972,0.972963640464939,2846.51337384502,NA,NA,0.126
"Aldicarb",0.998283521168132,0.978811809788919,2846.51232504393,NA,NA,0.126
"Triallate",0.99844866521851,0.982219470082713,2846.48494149537,NA,NA,0.126
"Vinyl chloride",0.998713933339606,0.983035424724129,2846.49843285604,NA,NA,0.126
"Chlorsulfuron",0.999131849075284,0.989154051372247,2846.49733829461,NA,NA,0.126
"Naphthalene",0.999356266333006,0.989797639818432,2846.48977175658,NA,NA,0.126
"tert-Butyl alcohol",0.99922547787746,0.990725820778258,2846.50748943706,NA,NA,0.126
"Acrolein",1.00043822144989,0.995900118856593,2846.49139370308,NA,NA,0.126
"trans-1,3-Dichloropropene",0.999851443212489,0.998655240862061,2846.50538862141,NA,NA,0.126
"Cadmium compounds",0.999869088136893,0.998724255938303,2846.50483101932,NA,NA,0.126
"Phenytoin",1.00003447712246,0.999566183256992,2846.50622576136,NA,NA,0.126
